<?xml version="1.0" encoding="utf-8" standalone="no" ?>
<modDesc descVersion="63">
    <author>Aekzl</author>
    <version>1.0.0.0</version>
    <title>
        <en>Toggle Steeringwheel/Gamepad ingame</en>
        <de>Lenkrad/Gamepad im Spiel umschalten</de>
        <fr>Basculer Steeringwheel/Gamepad en jeu</fr>
    </title>
    <description>
        <en><![CDATA[This mod allows to toggle Steeringwheel/Gamepad ingame.
        
Notice: Steeringwheel/Gamepad must be enabled in the game options initially]]></en>
        <de><![CDATA[Dieser Mod erlaubt das Ein- und Ausschalten von Lenkrad/Gamepad direkt im Spiel.
        
Hinweis: Lenkrad/Gamepad muss initial in den Optionen aktiviert sein.]]></de>
        <fr><![CDATA[Ce mod vous permet d'activer et de désactiver Steeringwheel/Gamepad directement dans le jeu.
        
Remarque: Steeringwheel/Gamepad doit d'abord être activé dans les options.]]></fr>
    </description>
    <iconFilename>icon.dds</iconFilename>
    <multiplayer supported="true"/>

    <extraSourceFiles>
        <sourceFile filename="toggleGamepad.lua"/>
    </extraSourceFiles>

    <actions>
		<action name="TOGGLE_GAMEPAD" axisType="HALF" />		
	</actions>

	<inputBinding>
		<actionBinding action="TOGGLE_GAMEPAD">
			<binding device="KB_MOUSE_DEFAULT" input="KEY_lalt KEY_lshift KEY_t" />
		</actionBinding>
	</inputBinding>
	
	<l10n>
        <text name="input_TOGGLE_GAMEPAD">
            <en>Toggle Steeringwheel/Gamepad</en>
            <de>Lenkrad/Gamepad umschalten</de>
            <fr>Basculer Steeringwheel/Gamepad</fr>
        </text>
	</l10n>
</modDesc>
